Mobile cellular subscriptions (per 100 people),2001,2002,2003,2004,2005,2006,2007,2008,2009,2010,2011
Abkhazia,,,,,,,,,,,
Afghanistan,0,0.101461694,0.778857478,2.247739392,4.345508797,8.867978979,16.0163366,26.47087999,34.33868725,41.38579639,54.26208022
Akrotiri and Dhekelia,,,,,,,,,,,
Albania,12.75923855,27.54243185,35.40733402,40.30867293,48.70596473,60.50436434,73.27070842,58.45331469,77.16738972,84.02413769,96.3933945
Algeria,0.322765829,1.431989621,4.533907979,15.0710173,41.53845929,62.88327422,81.29012327,78.51588828,93.64711494,92.42126075,98.9875902
American Samoa,3.67711016,3.411128051,3.455425017,3.63659873,,,,,,,
Andorra,44.32745895,47.49214258,71.87097489,77.51952399,82.88824979,86.39106593,78.02309866,77.74804122,77.14067187,77.17642345,75.48772704
Angola,0.521258883,0.940198411,2.269787897,4.6373295,9.770852982,17.95740315,28.31059686,37.55055726,43.70450412,46.68924162,48.37797435
Anguilla,,,,,,,,,,,
Antigua and Barbuda,31.5796122,47.45550076,56.41490039,65.18747435,102.4834358,129.6932385,130.7744225,157.2173433,153.6696203,189.3473115,181.6419676
Argentina,18.07348141,17.43814088,20.63677588,35.24285031,57.27961101,80.74649221,102.6257449,117.1083875,131.0023571,132.880086,134.9211144
Armenia,0.831884559,2.330853915,3.737199213,6.638418448,10.37341069,41.03667809,61.03775282,46.83206418,71.03776071,125.008538,103.5663737
Aruba,57.38228511,65.33045795,72.20851613,99.33667185,102.3971246,106.1522135,108.9815303,114.4798438,120.0615315,122.6183388,
Australia,57.43417616,64.62949928,72.31307069,81.97446237,90.27854017,95.25510508,100.662936,102.8176451,101.359218,101.0401114,108.3353549
Austria,81.37110499,83.33478699,89.42451257,97.6354316,105.257455,112.1813932,119.2810931,129.6601719,136.6128217,145.8365401,154.78324
Azerbaijan,8.911715903,9.591495525,12.61947826,17.17665126,26.1064926,38.1936029,51.22994958,73.21436558,85.55706194,99.0457981,108.7479044
Bahamas,20.07751835,39.81641656,39.4028388,59.09880885,71.32152631,78.06650497,113.7255558,107.3095147,106.0450765,124.9360558,86.0629767
Bahrain,46.62760113,60.58373698,68.46935244,96.72561629,105.8354845,111.8340913,120.55085,136.9097428,119.8700728,124.1842238,127.9641264
Bangladesh,0.394104846,0.800646905,0.999891821,2.006414024,6.401687906,13.43906744,23.87521729,30.68498876,35.65935407,46.16922196,56.48078539
Barbados,19.80334984,36.15636149,51.96945681,74.13973854,76.22466294,87.47777261,94.83760281,106.0555515,123.5787351,128.0721909,127.0117733
Belarus,1.381934322,4.64330238,11.27251693,22.68296241,41.72475767,60.96049811,71.54437581,83.96095733,100.5207961,107.6857389,111.8778807
Belgium,75.37754386,79.01070068,83.52658246,88.16946193,92.22683163,94.00841604,101.8917125,106.9753382,110.4521947,113.4612221,116.6127738
Belize,15.2602287,19.69375673,22.47469862,27.28711502,34.17014597,41.10996917,40.36312277,53.48001751,52.9744792,62.31841272,63.86666163
Benin,1.859749035,3.153221,3.296242723,6.208744678,7.810924555,13.41166535,25.29131017,43.38648489,58.51526389,79.94350666,85.33266549
Bermuda,21.12593485,47.32756989,62.83874008,76.67631641,82.20801497,93.4274344,106.9734272,122.183213,131.1687911,135.8155865,
Bhutan,0,0,0.361128772,2.979140722,5.460394696,12.16545301,21.70245766,36.13378522,47.49259106,54.31798771,65.58453784
Bolivia,9.200705132,11.83501049,14.50609018,20.04681775,26.4730877,30.90413747,34.38908471,52.3846526,66.14241596,72.30012259,82.80316785
Bosnia and Herzegovina,11.86411694,19.83059327,28.41317497,37.22051707,42.16785449,49.92135579,64.8426291,84.23152783,86.45204493,82.71568494,84.5173321
Botswana,18.61997737,18.37638674,24.31405034,28.22739781,30.05758466,43.29884976,59.75289748,76.00645992,94.57628675,117.7616228,142.8181774
Brazil,16.25182871,19.45513659,25.53128953,35.67944477,46.3528917,53.16001917,63.7414822,78.64616123,90.01936334,104.1024405,123.1758591
British Virgin Islands,,,,,,,,,,,
Brunei,42.77100506,44.98060512,50.85428548,56.87820803,64.13804689,81.38972826,96.98685873,103.681358,105.3708557,109.0704903,109.1696269
Bulgaria,19.50234789,32.91090742,44.65327494,60.72180897,80.69297329,107.3333056,129.5433297,137.3807092,138.6089602,136.1020835,140.6781236
Burkina Faso,0.602333531,0.852933459,1.777404654,2.871258739,4.462130866,6.952475421,12.33664652,19.49145802,23.92086098,34.65874749,45.27445884
Burundi,0.514119754,0.781241666,0.935841623,1.428503648,2.109930408,2.67581331,3.502953704,6.050115914,10.26103395,13.72445096,14.46035135
Cambodia,1.765952113,2.958298424,3.826638947,6.529502399,7.950545511,12.73797556,18.89791532,30.65260163,44.84220559,57.65042433,69.90473313
Cameroon,2.601632433,4.275374,6.417067947,8.918404823,12.83217922,17.47201351,24.71931641,32.84272035,41.74241623,44.0670489,52.35359201
Canada,34.38795765,37.95186883,42.0487335,47.02036605,52.71004029,57.46326052,61.48890022,66.28819759,70.70997244,70.66366699,75.27990824
Cape Verde,7.078697629,9.48646022,11.59530553,14.09217111,17.28144171,22.76092643,31.51237105,56.97302466,59.1148466,74.97414309,79.19314402
Cayman Islands,39.99905885,42.11272913,44.00292795,67.23290832,154.8653096,172.3246202,185.6233655,177.7972692,194.9303301,177.6471634,167.6743817
Central African Republic,0.292004286,0.329047189,1.02825781,1.518110681,2.48887473,2.691109114,4.8066062,5.899063252,15.73950564,22.24995802,25.04124843
Chad,0.258278289,0.387263383,0.7100804,1.298181533,2.145944237,4.622014864,8.854321784,15.01816917,20.85856666,25.61014279,31.80480042
Channel Islands,,,,,,,,,,,
Chile,32.68852617,39.56103371,45.54119844,57.40927978,64.83713442,75.60292184,83.89941018,88.09806834,97.01862561,116.0021265,129.7080782
China,11.33262297,16.01987612,20.87163278,25.74475803,30.08626177,35.07260937,41.41607884,48.27650502,55.97490921,64.04089229,73.18776926
Christmas Island,,,,,,,,,,,
Cocos Island,,,,,,,,,,,
Colombia,8.077811032,11.1898797,14.82368146,24.53793392,50.76605419,68.11229219,76.5261268,91.90986394,92.34584564,96.07475053,98.45142015
Comoros,0,0,0.328261151,1.338603813,2.414250032,5.582695868,9.15175611,13.16162483,17.12775261,22.4944539,28.70747523
"Congo, Dem. Rep.",0.294178652,1.066842868,2.303632955,3.570488936,4.782426046,7.472649249,10.8470694,15.90658303,14.73196719,17.91890479,23.13117395
"Congo, Rep.",4.668054635,6.743848974,9.806336736,11.13404425,15.79858581,25.28547818,34.51527524,47.10219822,50.74269546,98.93890498,93.84042217
Cook Is,,,,,,,,,,,
Costa Rica,8.167584574,12.30599454,18.70714093,21.79343919,25.55580076,32.94788467,33.87271011,41.71867025,42.4832763,65.14446476,92.20475714
Cote d'Ivoire,4.312738207,5.977993032,7.336919175,9.442516964,13.03726785,22.18392262,40.0483001,55.0325599,68.1358671,79.03132061,86.42123062
Croatia,39.15994663,51.78220484,56.93370285,63.72594629,82.16369885,99.12961617,113.7502867,103.0868731,105.9886907,111.9232944,116.3706103
Cuba,0.077009611,0.159734289,0.315452431,0.674652447,1.204292568,1.355644199,1.759317656,2.944340083,5.515195921,8.909369968,11.68633507
Cyprus,32.69483984,42.65170828,55.2783494,64.7991841,75.78266487,82.7824267,92.97148614,94.40464772,89.64192603,93.69581035,97.70546068
Czech Republic,67.9381394,84.33495274,95.1894473,105.6941882,115.2166626,120.9323102,128.2648852,132.7906744,136.5782177,121.7489441,121.6028451
Czechoslovakia,,,,,,,,,,,
Denmark,73.93809436,83.37670913,88.53396805,95.67859444,100.5491707,107.0831934,115.3382714,119.2762572,123.6893909,125.7805656,126.4581629
Djibouti,0.400211312,1.96005922,2.950079524,4.344254653,5.449628696,5.441056136,8.283846743,13.18878589,14.76636586,18.63508702,21.31809568
Dominica,11.10199145,17.5654031,34.37283237,60.55842633,75.44432354,104.0756914,130.0523132,133.5113485,145.0192868,155.8023525,164.0192095
Dominican Republic,14.55471854,19.19258619,23.25538014,27.75545142,39.1103689,49.0053132,57.83556026,74.60446761,88.08763264,89.57888937,87.21780167
East Germany,,,,,,,,,,,
Ecuador,6.844722243,12.22534867,18.46444778,26.83177492,46.5227542,62.20844317,71.77023277,83.1236759,92.84925653,102.1845607,104.5455987
Egypt,4.055566575,6.405021119,8.108611275,10.4922235,18.36793999,23.82092697,39.11237088,52.71313013,69.43661504,87.10560512,101.0763385
El Salvador,14.37777603,14.84274243,19.135984,30.3971177,39.86030606,63.40635843,100.5984886,113.3951848,122.8202187,124.3394914,125.845224
Equatorial Guinea,2.792282132,5.771703861,7.255257439,10.49518985,15.94434453,19.1761602,23.29424042,27.17690808,29.36361701,57.00877069,59.14916837
Eritrea,0,0,0,0.463140607,0.901395516,1.334441996,1.757776967,2.195665263,2.768341612,3.526578342,4.467709888
Eritrea and Ethiopia,,,,,,,,,,,
Estonia,47.78316773,64.93965993,77.68313294,93.12410036,107.3888236,123.4116893,125.2425955,121.034985,117.0620194,123.23911,138.983109
Ethiopia,0.040859548,0.07295555,0.072507899,0.214450915,0.552933815,1.140493735,1.554969531,2.46018263,4.990534841,8.262854643,16.67172011
Faeroe Islands,52.82151948,73.99667689,80.10195484,86.19012835,87.09851216,103.0737494,107.4055011,112.8876268,117.2092545,122.0456599,
Falkland Is (Malvinas),,,,,,,,,,,
Fiji,9.933110778,11.01262225,13.4438709,17.3592544,24.92240622,34.37743797,63.45851087,71.11945579,75.08890409,81.09474183,83.7166026
Finland,80.52925839,86.90604073,91.10525765,95.44462404,100.4892511,107.6731658,114.924474,128.4719884,144.1530224,156.3972049,166.0238042
France,62.29491746,64.55140568,69.29097497,73.50896438,78.83730258,84.17013472,89.65659116,93.35504274,95.44434226,100.6570949,105.0282155
French Guiana,,,,,,,,,,,
French Polynesia,27.87349657,21.32653061,24.19903607,38.1524668,47.08282654,58.88756736,66.90275307,70.74366544,77.8007733,79.73364258,81.38996336
Gabon,11.8749332,21.6413851,22.77067501,36.40660303,53.74439441,64.27083751,82.11362868,89.63600885,92.92636144,106.9438439,117.3202491
Gambia,4.124135081,7.26725701,10.53026552,11.98225531,16.45817788,26.13298743,50.29487412,71.27504497,78.06668593,85.53298611,89.01510779
Georgia,6.431285218,10.88662556,15.56329707,18.59995792,26.22976159,38.35145431,58.87092172,62.7008583,64.86602662,91.44707879,102.346648
Germany,68.12709457,71.72940284,78.56058484,86.42540783,96.03863615,103.7751488,116.6229321,127.9450964,127.4188883,127.0435825,132.2987788
Ghana,1.241817997,1.922879877,3.85974953,8.025602002,13.28366807,23.48719626,33.47973792,49.7349659,63.41781842,71.48686263,84.77929582
Gibraltar,,,,,,,,,,,
Greece,72.18506952,84.11432365,80.4261011,83.64687074,91.74900658,97.86551746,109.2325971,122.2066583,117.3794227,108.2167583,106.4789464
Greenland,28.16207111,35.19022219,52.33445922,68.42972599,81.27294982,94.09916201,115.8489776,97.3812307,93.30587743,100.0925021,102.5237364
Grenada,6.304862825,7.408242933,41.38460786,42.27514519,45.61099539,44.83146831,49.70687253,57.86758964,109.9205549,116.7092557,
Guadeloupe,,,,,,,,,,,
Guam,20.68580421,43.98223243,48.92073982,59.06532142,,,,,,,
Guatemala,9.95810951,13.36472957,16.81830986,25.54063906,35.46443646,55.07324795,89.06133481,109.1871167,123.3285161,125.5685534,140.3756415
Guernsey,,,,,,,,,,,
Guinea,0.657079468,1.054882918,1.275166818,1.742540291,2.090373135,,21.33647634,28.7683686,35.74349387,40.07377582,44.02352304
Guinea-Bissau,0,0,0.096973292,2.94231713,7.225660692,11.27415994,20.79938716,34.40437432,37.75604399,,25.97699767
Guyana,10.24306193,10.75864723,18.61929345,23.08001554,37.7050125,53.45299678,71.83002074,59.57718294,68.1970962,73.61194869,68.61502037
Haiti,1.040727003,1.566827662,3.526015771,4.341863576,5.351299664,12.65938161,26.01875661,32.86658672,36.98206481,40.02703025,41.48645166
Holy See,,,,,,,,,,,
Honduras,3.743797335,5.040628944,5.739789029,10.48772914,18.62795078,31.92974861,58.45704438,85.04628809,112.628748,125.0581013,103.9658854
"Hong Kong, China",84.58735993,93.54898208,107.7242891,120.6559669,125.4688974,138.2138915,156.4377443,167.1893408,180.2692368,195.5672675,209.6399322
Hungary,48.77363149,67.78153319,78.39139384,86.3189789,92.3967397,99.02075401,109.8317244,121.9746762,117.8982583,120.3150052,117.2968185
Iceland,87.37253162,90.81361169,96.52980078,98.9979659,95.40511486,100.30298,106.6652274,108.4515203,107.6604456,106.5412825,106.0792438
India,0.610430941,1.194091181,3.04642698,4.650080995,7.906720258,14.35129379,19.89996983,29.1292787,43.47705819,61.4226033,71.99905491
Indonesia,3.016115387,5.341822661,8.337231689,13.50655605,20.63762286,27.75026888,40.17301023,59.83296554,68.94143553,88.08496671,97.71953762
Iran,3.147701949,3.39093343,5.068748288,7.367445463,12.20460068,21.79772499,41.67395879,59.48322276,71.85814793,73.06896255,74.92520816
Iraq,0,0.079261074,0.308701739,2.156393125,5.60318056,33.20909467,48.41488505,58.78045692,65.47478839,73.45512892,78.12351236
Ireland,76.82716733,76.2237533,87.27078329,94.47640978,102.6925654,110.9716053,115.8336087,115.972488,106.6252042,105.1807423,108.4084545
Isle of Man,,,,,,,,,,,
Israel,89.7135899,100.9358989,104.1916964,111.6008596,117.4489429,124.4054345,128.6382352,126.6439604,124.2537305,122.8162407,121.6578152
Italy,89.59213237,94.26272695,98.10879697,107.69984,121.8655707,136.1122912,150.9381179,150.8411572,146.1011892,149.6263108,151.8374453
Jamaica,22.95515799,47.41017408,59.56915189,68.95395957,73.88964941,84.36083957,99.08783253,100.1117899,108.2499321,116.0866339,108.1214042
Japan,59.430459,64.35491913,68.67344329,72.42630595,76.3365398,78.9358056,84.84257809,87.23798653,91.8955442,97.43251165,102.6650202
Jersey,,,,,,,,,,,
Jordan,17.62967673,24.3998846,26.00289594,31.17072898,58.73640631,79.03562381,84.19389485,90.84642856,99.81369465,106.9946197,118.2047588
Kazakhstan,3.906652223,6.89184547,8.895805836,16.25536454,35.57915489,50.78087709,79.62394643,95.24269826,107.7147692,121.0667396,142.5498635
Kenya,1.870546579,3.605220187,4.705726478,7.337168136,12.94966982,20.08792164,30.27701085,42.39603637,49.07117416,61.63228344,64.84245944
Kiribati,0.461718293,0.568005783,0.592502478,0.680324786,0.706613906,0.748390959,0.789116505,1.035925911,10.10639926,10.64332068,13.63892653
North Korea,0,0,0,0,0,0,0,0,0.285751665,1.774069405,4.089764607
South Korea,62.85489674,69.67231569,72.04691783,78.1240784,81.50289156,85.04134311,93.410027,95.54412121,99.95892538,105.3621105,108.504517
"United Korea (former)
",,,,,,,,,,,
Kosovo,,,,,,,,,,,
Kuwait,43.6865666,59.28063171,66.76741336,91.34568175,100.573583,107.593599,113.3126728,114.0737677,146.4694292,160.7756989,
Kyrgyz Republic,0.541305195,1.061108911,2.760970284,5.24822223,10.74198875,24.81954174,42.19184922,65.21806636,85.13020751,98.89869621,104.8292283
Lao,0.546228151,1.003511198,2.011365762,3.603123668,11.42862903,17.28241987,24.92519032,33.57908775,52.92156941,64.56157773,87.16314805
Latvia,27.74614308,39.023971,52.24646296,66.2596061,81.17888831,95.2298219,97.16504368,101.2069401,101.8670016,102.3995808,102.9359711
Lebanon,20.16233388,20.03627242,20.2128311,22.1219537,24.51762157,27.00287032,30.47252732,34.24595894,56.95312593,68.00000095,78.64948273
Lesotho,2.865786183,6.86244224,6.207564801,9.585365163,12.09177094,17.16147358,21.65110573,27.88439663,30.75561569,45.47689468,47.90680099
Liberia,0.068043504,0.166884618,1.555600623,3.051358335,5.0274325,8.449723241,16.19120228,23.36029368,28.28681136,39.34051088,49.16775098
Libya,0.937855623,1.288116044,2.291979408,8.845178767,34.66379327,66.63957577,74.71294043,119.993024,152.2369144,171.5154666,155.6960141
Liechtenstein,33.09365504,33.90828526,73.51643828,74.20340463,79.26850357,82.16888127,90.77581807,95.71802596,97.84188751,98.52353464,101.8345086
Lithuania,29.25602264,47.52677477,60.98356043,88.90170918,127.4522301,138.8569982,145.3688811,149.4922166,148.4991007,147.1585875,151.2979213
Luxembourg,93.07295186,106.800457,120.7599588,104.2387467,111.5492884,153.1403436,143.8889753,145.2398512,144.6837755,143.265911,148.2675345
"Macao, China",44.17225989,61.43608501,79.23087303,91.98578257,110.6707659,129.0066029,157.0711615,179.8770597,195.2917479,206.4285136,243.4980233
"Macedonia, FYR",11.0747368,18.06626761,38.26771522,48.4791487,55.49291034,61.85926129,87.622136,95.85909836,94.47905915,104.5066324,109.3621617
Madagascar,0.930810079,0.99767623,1.684229201,1.923549219,2.852901384,5.67588527,11.6837003,24.73738484,31.22516479,37.22983676,38.28077561
Malawi,0.483375584,0.727171962,1.112512243,1.780956216,3.284540007,4.699867658,7.732877763,10.76523981,17.21088553,20.92072521,25.0685136
Malaysia,30.81626035,36.92792463,44.38913936,57.09551136,74.88436601,73.20962871,86.30689233,100.7671876,107.8520662,119.2175618,127.0351203
Maldives,6.801516248,14.84379982,23.18594876,38.91775606,68.96761956,90.52631931,103.2944696,141.6065299,146.8439945,156.4971429,165.7233638
Mali,0.206163372,0.383056431,1.99693799,3.185504152,5.782854236,11.13051355,18.05099229,23.77987813,29.91682726,48.40907912,68.32225788
Malta,59.89203144,68.82862143,71.64064063,75.16693968,79.15562125,84.35526559,89.31722119,93.1609437,101.6528587,109.3787739,124.8634096
Marshall Islands,0.938021523,1.060192832,1.15017695,1.239224138,1.268328305,1.915341889,2.857850515,3.78214826,5.618398382,7.03208853,
Martinique,,,,,,,,,,,
Mauritania,4.060591825,8.828878566,12.17743354,17.62170411,24.46846319,33.87015613,44.01218052,63.48499994,64.60888256,79.33982952,92.71026164
Mauritius,22.5457862,28.46441457,37.48437492,43.97195403,52.26434702,60.9777182,72.79598636,80.48454296,84.13908544,91.66607655,99.04384916
Mayotte,,,,,,,,,,,
Mexico,21.47207848,25.26280506,28.96723372,36.55886045,44.2590939,51.37045296,60.94030683,68.06960457,74.25785259,80.55043081,82.37873746
"Micronesia, Fed. Sts.",0,0.092826378,5.417955227,11.73457209,12.88076111,16.95616136,24.92097518,24.91686827,24.84730203,24.77670532,
Moldova,5.569025722,8.522071592,12.21488812,20.55954352,28.93113551,36.55898406,51.28175098,66.66785876,77.29518801,88.5853309,104.7985198
Monaco,40.52935842,42.08709431,42.69456162,44.64032651,48.75496313,51.9097173,57.79855504,62.25945212,65.01399214,66.12816675,85.81025771
Mongolia,8.009808935,8.784583706,12.83610785,17.04917394,21.87408115,29.98673061,45.51643755,66.09916348,82.93900524,91.09104097,105.078329
Montenegro,,,,77.16649227,86.67403816,102.6483318,111.9494492,184.0527031,205.2815913,185.276093,
Montserrat,,,,,,,,,,,
Morocco,16.38128869,21.04530631,24.72217628,31.03793239,40.77590198,52.1291356,64.58731247,72.84366405,80.00993155,100.0966061,113.264873
Mozambique,0.816693783,1.32686834,2.209608038,3.496937488,7.240934322,10.98737623,14.12010897,19.72429017,26.12049369,30.88473592,32.82674824
Myanmar,0.050019964,0.105202247,0.145095261,0.20067615,0.277842771,0.459634636,0.527841074,0.777535557,1.054601911,1.238454332,2.572822264
Namibia,5.505063781,7.601063744,11.13709717,14.00134779,21.58017184,28.73741004,37.06697224,47.80901118,54.28000275,67.20691073,104.9602755
Nauru,,,,,,,,,,,
Nepal,0.06919885,0.0855978,0.313144399,0.437078173,0.833210389,4.157203157,11.5208066,14.53017811,19.01922631,30.69344863,43.80556809
Netherlands,76.47250632,75.40850689,81.79599719,91.21674572,97.10859377,105.6053444,117.2805056,124.987404,121.6780838,115.4458187,
Netherlands Antilles,,,,,,,,,,,
New Caledonia,31.45557954,36.40649674,43.45178437,51.23824024,58.10325428,65.96418358,73.80946402,80.8831218,84.89064399,88.01809702,89.20554439
New Zealand,58.5641044,61.81255928,64.6393762,74.20700002,85.3870367,90.85730302,100.4429102,107.9992117,108.7301521,107.8263131,109.1854156
Ngorno-Karabakh,,,,,,,,,,,
Nicaragua,3.195196397,4.545221165,8.82530415,13.7905591,20.63624009,33.3159371,44.97549632,55.1496679,58.57142357,68.45430925,82.15224591
Niger,0.018800626,0.491543699,0.679673308,1.374207028,2.492349478,3.588373314,6.453619771,13.13236734,17.35877229,24.53328733,27.00770814
Nigeria,0.210300765,1.208519162,2.366830773,6.706192587,13.29320269,22.54949159,27.48908131,41.80678114,48.23561006,55.10417598,58.57504542
Niue,,,,,,,,,,,
Norfolk Island,,,,,,,,,,,
Northern Cyprus,,,,,,,,,,,
Northern Mariana Islands,19.07955597,24.69557448,26.94305767,29.93099819,,,,,,,
Norway,79.5976387,83.56117902,89.0794444,98.64191464,102.8368277,104.2861959,106.684306,109.044815,110.8737646,115.6777513,116.7548724
Oman,14.17181949,20.10531188,25.42844141,33.90101315,54.87629193,72.99483663,97.61099053,122.0854824,146.3995788,165.5432382,168.9741036
Pakistan,0.503264119,1.129291367,1.570067682,3.222703627,8.050153316,21.36452656,38.22340855,52.56722111,55.33439706,57.13688061,61.61096141
Palau,,12.55811577,19.92080414,19.81517952,30.39786999,41.70706112,53.14146535,57.67747676,62.63639045,70.88706526,74.94298607
Panama,15.77160858,17.13339609,22.15298674,39.59648884,54.00144087,66.00079585,89.8516507,114.9350049,175.2413775,188.9874375,203.8839769
Papua New Guinea,0.193890247,0.265020196,0.301566647,0.812204161,1.230428598,1.601302564,4.690206396,13.34500283,21.14679487,27.8361615,34.21811396
Paraguay,21.0857473,29.9569663,31.19136242,30.22459942,31.99489438,53.8036084,76.71408226,92.94597224,88.5956273,91.73156664,99.40262991
Peru,6.837216967,8.679488046,10.88685454,15.02295368,20.25981639,32.72760118,54.73693214,73.60989776,85.86901405,100.1328805,110.4136635
Philippines,15.39828669,19.07840957,27.35261712,39.23894528,40.65511117,49.20884301,64.6848428,75.54041897,82.42540791,85.66905679,91.99208388
Pitcairn,,,,,,,,,,,
Poland,26.14448657,36.35440837,45.55514218,60.50028534,76.4217488,96.26705873,108.376622,114.9349364,117.1438859,122.6651202,128.4630552
Portugal,76.85669104,83.17938272,95.57508603,100.6172229,108.5705509,115.5876978,127.0490975,132.1081296,110.6773606,114.376794,114.9203113
Puerto Rico,42.6529335,43.19428501,44.93416555,48.72745903,52.70947592,58.27692742,64.57506286,67.66692888,72.25696243,78.2603616,82.98893133
Qatar,29.26189486,42.72901904,57.61820964,68.56404147,87.30514284,94.01401972,107.3005079,102.3943097,121.9684997,124.3133785,123.114413
Reunion,,,,,,,,,,,
Romania,17.39870942,23.21858093,32.10854927,46.76248362,61.33700145,73.6736746,94.24859064,113.3419029,116.5424375,113.5603588,109.1596364
Russia,5.302686527,12.10060434,24.9413432,51.08707907,83.42419677,104.9919435,119.4742021,139.3671554,161.1162887,166.2648829,179.3087029
Rwanda,0.768596972,0.947417419,1.475751646,1.52359885,2.423219033,3.327904763,6.540703078,13.22095998,23.55918158,33.40323164,40.63067089
St. Barthélemy,,,,,,,,,,,
St. Helena,,,,,,,,,,,
St. Kitts and Nevis,4.497269515,10.56926036,45.90697577,59.74084832,103.7154536,102.3870229,127.8366862,145.7868577,145.8880816,152.6659288,
St. Lucia,1.699620418,8.918257099,61.09037055,61.72424541,63.92739374,63.23277566,87.08891956,102.5910775,110.0198309,113.7404098,122.9976597
St. Martin,,,,,,,,,,,
St. Vincent and the Grenadines,6.937872151,9.229773463,58.06061613,66.31910543,64.93494552,80.4586937,101.3121218,119.1613695,110.84022,120.5409163,120.5221049
St.-Pierre-et-Miquelon,,,,,,,,,,,
Samoa,1.407301078,1.512706737,5.861304782,8.903777984,13.31580086,25.17066262,47.44120876,68.20344427,82.78463386,91.43493863,
San Marino,57.56090477,59.32179392,58.24975011,57.48267277,56.59879212,56.60623027,56.43886864,78.21655234,95.50368315,96.99689224,111.7535844
Sao Tome and Principe,0,1.358388046,3.255245275,5.152650172,7.831767373,11.88875266,19.12735684,31.56106899,39.38098022,62.11116284,68.26127719
Saudi Arabia,12.22653438,23.33293668,32.40845243,39.52725122,58.91649955,79.43729043,111.3543131,137.5797633,167.3474553,187.8614596,191.2426942
Senegal,3.092693077,5.521683008,7.597847573,10.59711287,15.91354526,26.70316411,31.64192825,45.72051212,57.004782,67.10551333,73.25495968
Serbia,,,,47.79575565,67.84899567,82.00998036,104.384031,118.6678017,122.1336958,122.0803535,125.392874
Serbia and Montenegro,,,,,,,,,,,
Serbia excluding Kosovo,,,,,,,,,,,
Seychelles,46.06449506,55.46999008,60.28532941,65.79733998,70.41538443,83.44900405,90.94204178,109.2417726,128.56562,135.9104464,145.7130031
Sierra Leone,0.624905608,1.487066406,2.393520535,,,,14.16500663,17.97535303,20.2115487,34.08585819,35.63159631
Singapore,75.14777857,82.16323675,87.54175793,95.92664509,102.780146,108.586142,129.209094,134.4197329,139.1082457,145.1827199,149.4853538
Slovak Republic,39.71357738,54.05501906,68.00980259,79.00381033,83.84040908,90.24570085,111.7306583,101.4470612,100.8391649,108.4746048,109.3494803
Slovenia,73.9336195,83.72510883,87.20032731,92.52627306,87.87003942,90.66566745,95.82909491,101.8198152,103.7743819,104.5460368,106.5619269
Solomon Islands,0.230110986,0.231192737,0.238553913,0.656571515,1.277125616,1.449275362,2.195411791,5.879805026,9.539709039,27.87337312,49.77157788
Somalia,1.118874491,1.283490437,2.505651811,6.119277695,5.980962119,6.434632267,6.870103405,7.027367506,7.028625916,6.946831979,6.853706228
Somaliland,,,,,,,,,,,
South Africa,23.76536798,29.77698447,36.15592287,44.12549096,71.05665966,82.06341804,86.6049709,91.24205436,93.33587369,100.4770987,126.8331905
South Ossetia,,,,,,,,,,,
Spain,72.74442987,81.06181339,88.53476705,90.38308258,98.38387171,103.8102102,108.5598895,109.9168374,111.9324982,111.9887152,114.2330168
Sri Lanka,3.528534345,4.867765898,7.193668429,11.27531819,16.94226484,26.97875144,39.38132924,54.12993456,78.88773032,83.21838179,87.04729881
Sudan,0.29668392,0.532659744,1.438819883,2.795882758,4.75898144,11.89555131,20.3550956,28.95430467,36.11230146,41.544029,56.25361761
Suriname,18.37648992,22.56941841,34.61832375,43.14749937,46.62283144,63.37725509,74.48993994,127.5770484,146.9454335,169.6414276,178.8753331
Svalbard,,,,,,,,,,,
Swaziland,5.115884076,6.280148175,7.807304698,13.23612238,18.10103819,22.36928286,33.53906904,46.21600147,56.86950344,61.19458103,63.7015615
Sweden,80.86045072,89.2962358,98.49595854,97.8506822,100.8268042,105.6793493,110.4294181,108.4133243,112.1241184,116.052977,118.5711258
Switzerland,73.19368084,79.06716426,84.69869899,85.2406751,92.16758663,99.56894093,109.1372821,117.4761171,122.3241293,125.8319005,130.0623629
Syria,1.215441504,2.358084853,6.775259884,13.02986088,15.95964363,24.70835291,32.26843949,35.8285021,49.97501464,57.80921938,63.1668575
Taiwan,,,,,,,,,,,
Tajikistan,0.026152864,0.209996836,0.751445068,2.112305824,4.10646435,32.95203992,32.29304106,54.89899298,72.2352688,86.36655779,90.64122215
Tanzania,0.789184134,1.69359967,3.528297503,5.139340978,7.633071948,14.04933106,20.09341294,30.77244126,40.13691248,46.79589492,55.53287704
Thailand,11.81554374,15.7349765,33.39159937,41.44489898,46.68253249,60.53116887,78.1368246,90.58003795,95.99190157,103.619585,113.1610259
Timor-Leste,,,2.153708054,2.640797352,3.273266051,4.727645267,7.373417423,11.57694983,31.90245907,53.41729258,53.22698066
Togo,1.928486836,3.269464428,4.711820623,6.288726017,8.018333431,12.80310631,21.05711654,26.82336372,37.06178003,40.68538793,50.4457081
Tokelau,,,,,,,,,,,
Tonga,0.239652301,3.386066045,11.23832268,16.35322976,29.59792323,29.58241455,45.49944256,49.04479642,51.19833074,52.18243672,52.62704647
Transnistria,,,,,,,,,,,
Trinidad and Tobago,19.74660784,20.18875579,25.75308273,49.68549284,70.25314242,115.0241817,113.8894085,135.6923909,138.163384,141.2068149,135.5665317
Tunisia,4.07699069,5.961420692,19.72325137,38.06492332,57.31094295,73.25983307,77.41692108,83.94545894,94.51945854,106.0421333,116.9302374
Turkey,30.32446058,35.63710418,42.03764449,51.62054061,63.99607585,76.25253719,88.54603292,92.80971263,87.38046482,84.90400135,88.70464879
Turkmenistan,0.179557826,0.177670321,0.197658648,1.066690286,2.211532447,4.516345481,7.855162227,23.07967882,42.83193753,63.41981696,68.77165519
Turks and Caicos Islands,,,,,,,,,,,
Tuvalu,0,0,0,5.18349575,13.41035692,16.4406083,18.4388445,,10.19783806,16.28167294,21.63095359
Uganda,1.134798055,1.524788503,2.913369367,4.233161028,4.626255012,6.839635112,13.82759565,27.29747916,28.99085634,38.37961305,48.3841688
Ukraine,4.591701908,7.687940765,13.63974788,29.05325725,63.96203796,105.3323593,119.3557137,121.0688373,120.1855036,118.6392243,122.9622918
United Arab Emirates,60.62357117,74.60219726,87.39684895,100.685476,111.4218269,118.370469,143.0293101,150.7701531,153.7997194,145.4535397,148.6188563
United Kingdom,78.31683329,82.95925861,91.02728866,99.65959774,108.7519922,115.7583013,121.2494869,125.2408107,130.1742603,130.7564225,130.7519369
United States,45.00169847,49.15635015,55.14660515,62.85011191,68.62738254,76.64460341,82.47195844,85.6752031,89.14911634,89.85645095,105.9136009
Uruguay,15.63972077,15.44269089,14.97175549,18.05786593,34.76035875,70.02390118,90.07038766,104.8371368,122.4629482,131.7138578,140.7518858
USSR,,,,,,,,,,,
Uzbekistan,0.51117824,0.739465056,1.258616688,2.116446324,2.774842996,9.652823526,21.47409395,46.15577354,60.52003787,76.34260339,91.64821433
Wallis et Futuna,,,,,,,,,,,
Vanuatu,0.184653695,2.518568014,3.9006241,5.10991871,6.010323436,6.920095959,11.69185662,15.78663486,54.08785662,119.0481158,
Venezuela,26.08788284,25.88456862,27.257592,32.1411524,46.86342569,69.26041961,86.32538829,97.70789149,98.6102938,96.20520902,97.77526778
West Bank and Gaza,5.356020847,7.496233292,7.723273376,12.53423657,15.96318127,22.59126605,27.39833794,34.349672,45.79369635,,
West Germany,,,,,,,,,,,
Western Sahara,,,,,,,,,,,
Vietnam,1.571267225,2.363196559,3.369500121,6.029442448,11.53567571,22.47082922,52.96482789,87.10953399,113.0295215,127.003046,143.3891012
Virgin Islands (U.S.),37.70947152,41.44749525,45.17879071,58.75354626,73.42519865,,,,,,
North Yemen (former),,,,,,,,,,,
South Yemen (former),,,,,,,,,,,
Yemen,0.809355826,2.584280361,3.476684255,7.370375395,11.03006624,13.9880271,19.8159292,28.48417979,35.63496117,46.08665855,47.04861475
Yugoslavia,,,,,,,,,,,
Zambia,1.159828035,1.300718915,2.203275274,4.148824982,8.284145549,14.15585648,21.89084976,28.58734991,34.63352695,41.61639507,60.59055913
Zimbabwe,2.497030819,2.687060723,2.883154433,3.37949799,5.147769979,6.777090032,9.819965877,13.28928471,31.99456918,61.24987611,72.13209456
Åland,,,,,,,,,,,
South Sudan,,,,,,,,,,,
Christian,,,,,,,,,,,
Coastline,,,,,,,,,,,
Curaçao,,,,,,,,,,,
Sint Maarten (Dutch part),,,,,,,,,,,
St. Martin (French part),,,,,,,,,,,
Antarctica,,,,,,,,,,,
"Virgin Islands, British",,,,,,,,,,,
Hawaiian Trade Zone,,,,,,,,,,,
U.S. Pacific Islands,,,,,,,,,,,
Wake Island,,,,,,,,,,,
Bonaire,,,,,,,,,,,
Sark,,,,,,,,,,,
Chinese Taipei,,,,,,,,,,,
Saint Eustatius,,,,,,,,,,,
Saba,,,,,,,,,,,
